Metric,Value
design__lint_error__count,0
design__lint_timing_construct__count,0
design__lint_warning__count,6
design__inferred_latch__count,0
design__instance__count,1838
design__instance__area,18630.4
design__instance_unmapped__count,0
synthesis__check_error__count,0
design__max_slew_violation__count__corner:nom_tt_025C_1v80,0
design__max_fanout_violation__count__corner:nom_tt_025C_1v80,0
design__max_cap_violation__count__corner:nom_tt_025C_1v80,0
power__internal__total,0.004021060187369585
power__switching__total,0.002045785542577505
power__leakage__total,2.204283688911346E-8
power__total,0.006066867616027594
clock__skew__worst_hold__corner:nom_tt_025C_1v80,-0.7677562136686443
clock__skew__worst_setup__corner:nom_tt_025C_1v80,0.7681917541735228
timing__hold__ws__corner:nom_tt_025C_1v80,0.26406311218393197
timing__setup__ws__corner:nom_tt_025C_1v80,6.22462055073947
timing__hold__tns__corner:nom_tt_025C_1v80,0
timing__setup__tns__corner:nom_tt_025C_1v80,0
timing__hold__wns__corner:nom_tt_025C_1v80,0
timing__setup__wns__corner:nom_tt_025C_1v80,0
timing__hold_vio__count__corner:nom_tt_025C_1v80,0
timing__hold_r2r__ws__corner:nom_tt_025C_1v80,0.264063
timing__hold_r2r_vio__count__corner:nom_tt_025C_1v80,0
timing__setup_vio__count__corner:nom_tt_025C_1v80,0
timing__setup_r2r__ws__corner:nom_tt_025C_1v80,6.22462
timing__setup_r2r_vio__count__corner:nom_tt_025C_1v80,0
design__max_slew_violation__count__corner:nom_ss_100C_1v60,0
design__max_fanout_violation__count__corner:nom_ss_100C_1v60,0
design__max_cap_violation__count__corner:nom_ss_100C_1v60,0
clock__skew__worst_hold__corner:nom_ss_100C_1v60,-1.2228580716380308
clock__skew__worst_setup__corner:nom_ss_100C_1v60,1.2248984395703926
timing__hold__ws__corner:nom_ss_100C_1v60,0.775581454345574
timing__setup__ws__corner:nom_ss_100C_1v60,2.500925759495266
timing__hold__tns__corner:nom_ss_100C_1v60,0
timing__setup__tns__corner:nom_ss_100C_1v60,0
timing__hold__wns__corner:nom_ss_100C_1v60,0
timing__setup__wns__corner:nom_ss_100C_1v60,0
timing__hold_vio__count__corner:nom_ss_100C_1v60,0
timing__hold_r2r__ws__corner:nom_ss_100C_1v60,0.775581
timing__hold_r2r_vio__count__corner:nom_ss_100C_1v60,0
timing__setup_vio__count__corner:nom_ss_100C_1v60,0
timing__setup_r2r__ws__corner:nom_ss_100C_1v60,2.500926
timing__setup_r2r_vio__count__corner:nom_ss_100C_1v60,0
design__max_slew_violation__count__corner:nom_ff_n40C_1v95,0
design__max_fanout_violation__count__corner:nom_ff_n40C_1v95,0
design__max_cap_violation__count__corner:nom_ff_n40C_1v95,0
clock__skew__worst_hold__corner:nom_ff_n40C_1v95,-0.5867207996625811
clock__skew__worst_setup__corner:nom_ff_n40C_1v95,0.5868389273957421
timing__hold__ws__corner:nom_ff_n40C_1v95,0.09881645781335574
timing__setup__ws__corner:nom_ff_n40C_1v95,7.353102335143256
timing__hold__tns__corner:nom_ff_n40C_1v95,0
timing__setup__tns__corner:nom_ff_n40C_1v95,0
timing__hold__wns__corner:nom_ff_n40C_1v95,0
timing__setup__wns__corner:nom_ff_n40C_1v95,0
timing__hold_vio__count__corner:nom_ff_n40C_1v95,0
timing__hold_r2r__ws__corner:nom_ff_n40C_1v95,0.098816
timing__hold_r2r_vio__count__corner:nom_ff_n40C_1v95,0
timing__setup_vio__count__corner:nom_ff_n40C_1v95,0
timing__setup_r2r__ws__corner:nom_ff_n40C_1v95,7.613997
timing__setup_r2r_vio__count__corner:nom_ff_n40C_1v95,0
design__max_slew_violation__count,0
design__max_fanout_violation__count,0
design__max_cap_violation__count,0
clock__skew__worst_hold,-0.5781619791013832
clock__skew__worst_setup,0.5781119080415565
timing__hold__ws,0.08827305802836154
timing__setup__ws,2.434052139849469
timing__hold__tns,0
timing__setup__tns,0
timing__hold__wns,0
timing__setup__wns,0
timing__hold_vio__count,0
timing__hold_r2r__ws,0.088273
timing__hold_r2r_vio__count,0
timing__setup_vio__count,0
timing__setup_r2r__ws,2.434052
timing__setup_r2r_vio__count,0
design__die__bbox,0.0 0.0 186.585 197.305
design__core__bbox,5.52 10.88 180.78 184.96
design__io,15
design__die__area,36814.2
design__core__area,30509.3
design__instance__count__stdcell,1838
design__instance__area__stdcell,18630.4
design__instance__count__macros,0
design__instance__area__macros,0
design__instance__utilization,0.610646
design__instance__utilization__stdcell,0.610646
design__instance__count__class:inverter,27
design__instance__count__class:clock_gate_cell,1
design__instance__count__class:sequential_cell,333
design__instance__count__class:multi_input_combinational_cell,743
flow__warnings__count,1
flow__errors__count,0
design__instance__count__class:fill_cell,1804
design__instance__count__class:tap_cell,429
design__power_grid_violation__count__net:VPWR,0
design__power_grid_violation__count__net:VGND,0
design__power_grid_violation__count,0
floorplan__design__io,13
design__io__hpwl,1137226
timing__drv__floating__nets,0
timing__drv__floating__pins,0
design__instance__displacement__total,0
design__instance__displacement__mean,0
design__instance__displacement__max,0
route__wirelength__estimated,25824.9
design__violations,0
design__instance__count__class:timing_repair_buffer,237
design__instance__count__class:clock_buffer,42
design__instance__count__class:clock_inverter,26
design__instance__count__setup_buffer,0
design__instance__count__hold_buffer,226
antenna__violating__nets,0
antenna__violating__pins,0
route__antenna_violation__count,0
antenna_diodes_count,0
route__net,1391
route__net__special,2
route__drc_errors__iter:1,452
route__wirelength__iter:1,33726
route__drc_errors__iter:2,85
route__wirelength__iter:2,33477
route__drc_errors__iter:3,92
route__wirelength__iter:3,33369
route__drc_errors__iter:4,14
route__wirelength__iter:4,33369
route__drc_errors__iter:5,0
route__wirelength__iter:5,33358
route__drc_errors,0
route__wirelength,33358
route__vias,9611
route__vias__singlecut,9611
route__vias__multicut,0
design__disconnected_pin__count,0
design__critical_disconnected_pin__count,0
route__wirelength__max,1191.3
timing__unannotated_net__count__corner:nom_tt_025C_1v80,30
timing__unannotated_net_filtered__count__corner:nom_tt_025C_1v80,0
timing__unannotated_net__count__corner:nom_ss_100C_1v60,30
timing__unannotated_net_filtered__count__corner:nom_ss_100C_1v60,0
timing__unannotated_net__count__corner:nom_ff_n40C_1v95,30
timing__unannotated_net_filtered__count__corner:nom_ff_n40C_1v95,0
design__max_slew_violation__count__corner:min_tt_025C_1v80,0
design__max_fanout_violation__count__corner:min_tt_025C_1v80,0
design__max_cap_violation__count__corner:min_tt_025C_1v80,0
clock__skew__worst_hold__corner:min_tt_025C_1v80,-0.7560442486060317
clock__skew__worst_setup__corner:min_tt_025C_1v80,0.7562704010425438
timing__hold__ws__corner:min_tt_025C_1v80,0.27258096551436245
timing__setup__ws__corner:min_tt_025C_1v80,6.25250890981758
timing__hold__tns__corner:min_tt_025C_1v80,0
timing__setup__tns__corner:min_tt_025C_1v80,0
timing__hold__wns__corner:min_tt_025C_1v80,0
timing__setup__wns__corner:min_tt_025C_1v80,0
timing__hold_vio__count__corner:min_tt_025C_1v80,0
timing__hold_r2r__ws__corner:min_tt_025C_1v80,0.272581
timing__hold_r2r_vio__count__corner:min_tt_025C_1v80,0
timing__setup_vio__count__corner:min_tt_025C_1v80,0
timing__setup_r2r__ws__corner:min_tt_025C_1v80,6.252509
timing__setup_r2r_vio__count__corner:min_tt_025C_1v80,0
timing__unannotated_net__count__corner:min_tt_025C_1v80,30
timing__unannotated_net_filtered__count__corner:min_tt_025C_1v80,0
design__max_slew_violation__count__corner:min_ss_100C_1v60,0
design__max_fanout_violation__count__corner:min_ss_100C_1v60,0
design__max_cap_violation__count__corner:min_ss_100C_1v60,0
clock__skew__worst_hold__corner:min_ss_100C_1v60,-1.2041281645936768
clock__skew__worst_setup__corner:min_ss_100C_1v60,1.2061366691243305
timing__hold__ws__corner:min_ss_100C_1v60,0.7718553792360977
timing__setup__ws__corner:min_ss_100C_1v60,2.5483740283744147
timing__hold__tns__corner:min_ss_100C_1v60,0
timing__setup__tns__corner:min_ss_100C_1v60,0
timing__hold__wns__corner:min_ss_100C_1v60,0
timing__setup__wns__corner:min_ss_100C_1v60,0
timing__hold_vio__count__corner:min_ss_100C_1v60,0
timing__hold_r2r__ws__corner:min_ss_100C_1v60,0.771855
timing__hold_r2r_vio__count__corner:min_ss_100C_1v60,0
timing__setup_vio__count__corner:min_ss_100C_1v60,0
timing__setup_r2r__ws__corner:min_ss_100C_1v60,2.548374
timing__setup_r2r_vio__count__corner:min_ss_100C_1v60,0
timing__unannotated_net__count__corner:min_ss_100C_1v60,30
timing__unannotated_net_filtered__count__corner:min_ss_100C_1v60,0
design__max_slew_violation__count__corner:min_ff_n40C_1v95,0
design__max_fanout_violation__count__corner:min_ff_n40C_1v95,0
design__max_cap_violation__count__corner:min_ff_n40C_1v95,0
clock__skew__worst_hold__corner:min_ff_n40C_1v95,-0.5781619791013832
clock__skew__worst_setup__corner:min_ff_n40C_1v95,0.5781119080415565
timing__hold__ws__corner:min_ff_n40C_1v95,0.10459691742127603
timing__setup__ws__corner:min_ff_n40C_1v95,7.349520311475299
timing__hold__tns__corner:min_ff_n40C_1v95,0
timing__setup__tns__corner:min_ff_n40C_1v95,0
timing__hold__wns__corner:min_ff_n40C_1v95,0
timing__setup__wns__corner:min_ff_n40C_1v95,0
timing__hold_vio__count__corner:min_ff_n40C_1v95,0
timing__hold_r2r__ws__corner:min_ff_n40C_1v95,0.104597
timing__hold_r2r_vio__count__corner:min_ff_n40C_1v95,0
timing__setup_vio__count__corner:min_ff_n40C_1v95,0
timing__setup_r2r__ws__corner:min_ff_n40C_1v95,7.633089
timing__setup_r2r_vio__count__corner:min_ff_n40C_1v95,0
timing__unannotated_net__count__corner:min_ff_n40C_1v95,30
timing__unannotated_net_filtered__count__corner:min_ff_n40C_1v95,0
design__max_slew_violation__count__corner:max_tt_025C_1v80,0
design__max_fanout_violation__count__corner:max_tt_025C_1v80,0
design__max_cap_violation__count__corner:max_tt_025C_1v80,0
clock__skew__worst_hold__corner:max_tt_025C_1v80,-0.7851217675994502
clock__skew__worst_setup__corner:max_tt_025C_1v80,0.7855156747397276
timing__hold__ws__corner:max_tt_025C_1v80,0.24977054464989615
timing__setup__ws__corner:max_tt_025C_1v80,6.188602694355926
timing__hold__tns__corner:max_tt_025C_1v80,0
timing__setup__tns__corner:max_tt_025C_1v80,0
timing__hold__wns__corner:max_tt_025C_1v80,0
timing__setup__wns__corner:max_tt_025C_1v80,0
timing__hold_vio__count__corner:max_tt_025C_1v80,0
timing__hold_r2r__ws__corner:max_tt_025C_1v80,0.249771
timing__hold_r2r_vio__count__corner:max_tt_025C_1v80,0
timing__setup_vio__count__corner:max_tt_025C_1v80,0
timing__setup_r2r__ws__corner:max_tt_025C_1v80,6.188603
timing__setup_r2r_vio__count__corner:max_tt_025C_1v80,0
timing__unannotated_net__count__corner:max_tt_025C_1v80,30
timing__unannotated_net_filtered__count__corner:max_tt_025C_1v80,0
design__max_slew_violation__count__corner:max_ss_100C_1v60,0
design__max_fanout_violation__count__corner:max_ss_100C_1v60,0
design__max_cap_violation__count__corner:max_ss_100C_1v60,0
clock__skew__worst_hold__corner:max_ss_100C_1v60,-1.2485800524669213
clock__skew__worst_setup__corner:max_ss_100C_1v60,1.2509087453269323
timing__hold__ws__corner:max_ss_100C_1v60,0.7790471821484126
timing__setup__ws__corner:max_ss_100C_1v60,2.434052139849469
timing__hold__tns__corner:max_ss_100C_1v60,0
timing__setup__tns__corner:max_ss_100C_1v60,0
timing__hold__wns__corner:max_ss_100C_1v60,0
timing__setup__wns__corner:max_ss_100C_1v60,0
timing__hold_vio__count__corner:max_ss_100C_1v60,0
timing__hold_r2r__ws__corner:max_ss_100C_1v60,0.779047
timing__hold_r2r_vio__count__corner:max_ss_100C_1v60,0
timing__setup_vio__count__corner:max_ss_100C_1v60,0
timing__setup_r2r__ws__corner:max_ss_100C_1v60,2.434052
timing__setup_r2r_vio__count__corner:max_ss_100C_1v60,0
timing__unannotated_net__count__corner:max_ss_100C_1v60,30
timing__unannotated_net_filtered__count__corner:max_ss_100C_1v60,0
design__max_slew_violation__count__corner:max_ff_n40C_1v95,0
design__max_fanout_violation__count__corner:max_ff_n40C_1v95,0
design__max_cap_violation__count__corner:max_ff_n40C_1v95,0
clock__skew__worst_hold__corner:max_ff_n40C_1v95,-0.599788791165822
clock__skew__worst_setup__corner:max_ff_n40C_1v95,0.5996784905052059
timing__hold__ws__corner:max_ff_n40C_1v95,0.08827305802836154
timing__setup__ws__corner:max_ff_n40C_1v95,7.356075956576512
timing__hold__tns__corner:max_ff_n40C_1v95,0
timing__setup__tns__corner:max_ff_n40C_1v95,0
timing__hold__wns__corner:max_ff_n40C_1v95,0
timing__setup__wns__corner:max_ff_n40C_1v95,0
timing__hold_vio__count__corner:max_ff_n40C_1v95,0
timing__hold_r2r__ws__corner:max_ff_n40C_1v95,0.088273
timing__hold_r2r_vio__count__corner:max_ff_n40C_1v95,0
timing__setup_vio__count__corner:max_ff_n40C_1v95,0
timing__setup_r2r__ws__corner:max_ff_n40C_1v95,7.589299
timing__setup_r2r_vio__count__corner:max_ff_n40C_1v95,0
timing__unannotated_net__count__corner:max_ff_n40C_1v95,30
timing__unannotated_net_filtered__count__corner:max_ff_n40C_1v95,0
timing__unannotated_net__count,30
timing__unannotated_net_filtered__count,0
design_powergrid__voltage__worst__net:VPWR__corner:nom_tt_025C_1v80,1.79901
design_powergrid__drop__average__net:VPWR__corner:nom_tt_025C_1v80,1.79965
design_powergrid__drop__worst__net:VPWR__corner:nom_tt_025C_1v80,0.000987568
design_powergrid__voltage__worst__net:VGND__corner:nom_tt_025C_1v80,0.00101239
design_powergrid__drop__average__net:VGND__corner:nom_tt_025C_1v80,0.000341083
design_powergrid__drop__worst__net:VGND__corner:nom_tt_025C_1v80,0.00101239
design_powergrid__voltage__worst,0.00101239
design_powergrid__voltage__worst__net:VPWR,1.79901
design_powergrid__drop__worst,0.00101239
design_powergrid__drop__worst__net:VPWR,0.000987568
design_powergrid__voltage__worst__net:VGND,0.00101239
design_powergrid__drop__worst__net:VGND,0.00101239
ir__voltage__worst,1.8
ir__drop__avg,0.000349
ir__drop__worst,0.000988
design__xor_difference__count,0
magic__drc_error__count,0
klayout__drc_error__count,0
magic__illegal_overlap__count,0
design__lvs_device_difference__count,0
design__lvs_net_difference__count,0
design__lvs_property_fail__count,0
design__lvs_error__count,0
design__lvs_unmatched_device__count,0
design__lvs_unmatched_net__count,0
design__lvs_unmatched_pin__count,0
